PlantName,Description,Uses,
Aloe barbadensis,"A succulent plant species of the genus Aloe. It's known for its thick, fleshy leaves with a gel-like substance.","The gel from the leaves is used for soothing minor burns, moisturizing skin, and healing small wounds.",
Lavandula angustifolia,"Also known as lavender, this plant is famous for its fragrant flowers and is native to the Mediterranean.",Lavender is commonly used in aromatherapy for its calming and relaxing properties. It's also used in culinary dishes and teas.,
Mentha spicata,"Commonly known as spearmint, this herb is known for its distinct, refreshing aroma.","Spearmint is used in cooking, teas, and for its digestive benefits. It's also used in toothpaste and chewing gum for its flavor.",
Ocimum tenuiflorum,Tulsi is an aromatic herb with green or purple leaves and small purple flowers. It's native to the Indian subcontinent but is also grown in other tropical regions.,Tulsi is considered a sacred plant in Hinduism and is used in religious rituals.,
Panax ginseng, Ginseng is a perennial plant with fleshy roots and compound leaves that grows in the forests of East Asia and North America.,"The roots of ginseng are highly valued in traditional Chinese medicine and herbalism for their adaptogenic properties, believed to improve energy levels, reduce stress, and enhance mental clarity. Ginseng is also used in supplements, teas, and various wellness products.",
Echinacea purpurea,Echinacea is a flowering plant with daisy-like purple or pink petals and a spiky orange-brown center. It's native to North America and commonly found in prairies and open woodlands.,"Echinacea is popularly used as a natural remedy to boost the immune system and reduce the severity of colds and flu. It's available in various forms including teas, tinctures, and supplements.",
Matricaria chamomilla,"Chamomile is a small, daisy-like flowering plant with white petals and a yellow center. It has a sweet, apple-like fragrance and is native to Europe and western Asia.","Chamomile is well-known for its calming and soothing properties, often used in herbal teas to promote relaxation and improve sleep. It's also used topically in creams and ointments to relieve skin irritation and inflammation.",
Rosmarinus officinalis,Rosemary is an aromatic evergreen shrub with needle-like leaves and small blue flowers. It's native to the Mediterranean region but is cultivated worldwide.,"Rosemary is a popular culinary herb used to flavor meats, vegetables, and bread. It's also valued for its medicinal properties, including improving memory and concentration, stimulating circulation, and relieving muscle pain. Rosemary essential oil is used in aromatherapy and skincare products.",
Ginkgo biloba,Ginkgo biloba is a unique tree with fan-shaped leaves that turn golden-yellow in autumn. It's considered a living fossil and is native to China.,"Ginkgo biloba extract is used in traditional Chinese medicine to improve cognitive function, enhance memory, and increase circulation. It's also used in supplements to support brain health and reduce symptoms of conditions like Alzheimer's disease and dementia.",
Salvia officinalis, Sage is a woody perennial herb with gray-green leaves and blue-purple flowers. It's native to the Mediterranean region but is cultivated in many parts of the world.,"Sage is used as a culinary herb to flavor meats, soups, and stuffing. Medicinally, it's valued for its antimicrobial and anti-inflammatory properties and is used to soothe sore throats, improve digestion, and reduce menopausal symptoms. Sage essential oil is also used in aromatherapy.",
Melissa officinalis,Lemon balm is a lemon-scented herbaceous perennial with serrated leaves and small white flowers. It's native to Europe and Asia but is cultivated worldwide.,"Lemon balm is used in herbal teas and culinary dishes for its lemony flavor and calming properties. It's also used medicinally to reduce anxiety, improve sleep, and relieve digestive issues.",
Chamaemelum nobile,"Roman chamomile is a low-growing perennial herb with finely divided leaves and small, daisy-like flowers with white petals and yellow centers. It's native to Europe and North Africa.",Chamomile tea made from the dried flowers is commonly consumed for its calming and digestive benefits. It's also used topically in skincare products to soothe irritation and inflammation.,
Arnica montana,"Arnica is a perennial herb with bright yellow, daisy-like flowers and hairy leaves. It's native to Europe and Siberia and grows in mountainous regions.","Arnica is used topically in creams, ointments, and gels to relieve muscle aches, bruises, and inflammation. It's also used in homeopathy for similar purposes.",
Valeriana officinalis,"Valerian is a tall perennial herb with clusters of small, white or pink flowers and fern-like leaves. It's native to Europe and Asia and grows in damp meadows and woodlands.","Valerian root is used in herbal medicine as a natural remedy for insomnia, anxiety, and stress. It's often consumed in the form of teas, tinctures, or capsules.",
Eucalyptus globulus,Eucalyptus is a fast-growing evergreen tree with aromatic leaves and clusters of small white flowers. It's native to Australia but is now grown in many countries.," Eucalyptus oil is used in aromatherapy to relieve respiratory congestion, soothe muscle pain, and repel insects. It's also used in cough drops, chest rubs, and skincare products.",
Zingiber officinale,"Ginger is a flowering plant with tall green stems and yellowish-green flowers. Its rhizome, or underground stem, is used as a spice and herbal remedy.","Ginger is used in culinary dishes, teas, and beverages for its spicy flavor and digestive benefits. It's also used medicinally to reduce nausea, alleviate motion sickness, and relieve inflammation.",
Curcuma longa,"Turmeric is a perennial herbaceous plant with long, bright yellow-orange rhizomes and lance-shaped leaves. It's native to South Asia and is cultivated for its rhizomes."," Turmeric is used as a spice in curries, soups, and other dishes, imparting a warm, earthy flavor and vibrant color. It's also valued for its anti-inflammatory and antioxidant properties and is used medicinally to promote overall health and wellbeing.",
Foeniculum vulgare, Fennel is a flowering plant with feathery leaves and yellow flowers that form clusters of seeds. It's native to the Mediterranean region but is cultivated worldwide.,"Fennel seeds are used as a culinary spice to flavor dishes and aid digestion. The bulb, leaves, and seeds are also used in herbal medicine to relieve digestive issues, soothe coughs, and promote lactation in breastfeeding mothers.",
Rosa,"Roses are one of the most popular flowering plants, known for their large, fragrant blooms in a wide range of colors including red, pink, yellow, white, and orange. They can be shrubs, climbers, or trailing varieties.","Roses are commonly used in bouquets, floral arrangements, and gardens for their beauty and fragrance. They're also used in perfumery, herbal teas, and skincare products.",
Lilium,"Lilies are elegant flowering plants with large, showy blooms and long, slender stems. They come in various colors such as white, pink, orange, yellow, and red, with different types including Asiatic, Oriental, and hybrid lilies."," Lilies are popular in cut flower arrangements, bouquets, and gardens for their graceful appearance and pleasant fragrance. Some varieties, like the Madonna Lily (Lilium candidum), have historical and symbolic significance.",
Helianthus annuus,"Sunflowers are tall, sturdy plants with large, bright yellow flower heads that resemble the sun. They have rough, hairy stems and broad, coarsely toothed leaves.","Sunflowers are cultivated for their edible seeds, oil extraction, and ornamental value. They're often grown in gardens, fields, and landscapes for their cheerful appearance and as a food source for birds and wildlife.",
Tulipa,"Tulips are bulbous plants with cup-shaped flowers and long, slender stems. They come in a wide range of colors, including red, pink, purple, yellow, orange, and white, and are often striped or bi-colored.","Tulips are popular spring-blooming flowers used in gardens, borders, and floral arrangements. They're also cultivated commercially for the cut flower industry and as potted plants.",
Orchidaceae,"Orchids are diverse and exotic flowering plants with intricate blooms and often complex growth habits. They come in a wide variety of shapes, sizes, and colors, with some species having fragrant flowers.",Orchids are highly prized as ornamental plants for their unique beauty and elegance. They're commonly grown indoors as houseplants or in specialized orchid greenhouses. Some orchid species are also used in traditional medicine and perfumery.,
Bellis perennis,"Daisies are small, cheerful flowers with white petals and yellow centers, although some varieties have pink or red petals. They have a simple, daisy-like appearance and typically grow close to the ground."," Daisies are popular garden flowers and are often included in wildflower meadows and borders. They're also used in floral arrangements, as well as in herbal medicine for their medicinal properties.",
Dianthus caryophyllus,"Carnations are herbaceous perennial plants with clusters of fringed, fragrant flowers in various colors such as red, pink, white, yellow, and purple. They have long, slender stems and narrow, gray-green leaves.","Carnations are popular cut flowers for bouquets, corsages, and floral arrangements due to their long-lasting blooms and sweet fragrance. They're also used in garlands, wreaths, and as edible decorations in cuisine.",
Hydrangea macrophylla,"Hydrangeas are deciduous shrubs with large, showy flower clusters in shades of blue, pink, purple, or white. They have broad, serrated leaves and grow in acidic soil conditions."," Hydrangeas are prized for their voluminous blooms and are commonly used in garden borders, landscapes, and as cut flowers for floral arrangements and dried flower crafts. They're also popular in wedding decor and as potted plants.",
Dahlia,"Dahlias are tuberous perennial plants with intricate, daisy-like flowers in a wide range of colors, sizes, and forms, including single, semi-double, and double blooms. They have tall, sturdy stems and dark green foliage.","Dahlias are popular garden flowers and are often grown for their vibrant blooms, which attract pollinators like bees and butterflies. They're also prized as cut flowers for bouquets and arrangements due to their long vase life.",
Chrysanthemum," Chrysanthemums, often referred to as mums or chrysanths, are herbaceous perennial plants with showy, pom-pom-like flowers in various colors such as yellow, orange, red, pink, white, and purple. They have lobed, dark green leaves and grow in a wide range of shapes and sizes.","Chrysanthemums are popular garden flowers and are often grown for their late-season blooms, which add color to autumn landscapes. They're also used in floral arrangements, corsages, and as potted plants for indoor and outdoor decoration.",
Gerbera jamesonii,"Gerbera daisies are herbaceous perennial plants with large, daisy-like flowers in bright colors such as red, pink, yellow, orange, and white. They have long, sturdy stems and deep green, lobed leaves.","Gerbera daisies are widely used in floristry for their bold, cheerful blooms and long vase life. They're popular in bouquets, centerpieces, and floral designs for weddings, parties, and special occasions.",
Freesia,"Freesias are fragrant flowering plants with slender stems and funnel-shaped flowers in shades of white, yellow, pink, purple, and blue. They have grass-like leaves and grow from corms."," Freesias are prized for their sweet fragrance and delicate blooms, making them popular in cut flower arrangements and as potted plants for indoor and outdoor decoration. They're also used in perfumery for their scent.",
Strelitzia reginae," Birds of Paradise are exotic flowering plants with striking, bird-like blooms in vibrant shades of orange and blue. They have large, paddle-shaped leaves and grow in tropical climates.","Birds of Paradise are popular as ornamental plants for gardens, landscapes, and indoor spaces due to their unique appearance and tropical flair. They're also used in floral arrangements and tropical-themed decor.",
Viola tricolor var. hortensis," Pansies are colorful, biennial or perennial plants with velvety petals and distinctive ""faces"" in shades of purple, yellow, orange, white, and blue. They have rounded, heart-shaped leaves and compact growth habits."," Pansies are popular garden flowers and are often grown in borders, containers, and hanging baskets for their charming blooms. They're also used in floral arrangements, edible decorations, and as ornamental bedding plants.",
Petunia,"Petunias are annual or perennial plants with trumpet-shaped flowers in a wide range of colors including pink, purple, red, white, and yellow. They have sticky, hairy leaves and trailing or upright growth habits.","Petunias are versatile garden flowers and are commonly used in borders, hanging baskets, and window boxes for their profusion of blooms and trailing foliage. They're also used in landscaping and as bedding plants.",
Digitalis purpurea," Foxgloves are biennial or perennial plants with tall spikes of tubular flowers in shades of pink, purple, white, and yellow. They have hairy, lance-shaped leaves and grow in woodland areas and gardens.",Foxgloves are prized for their dramatic blooms and vertical accents in garden borders and cottage-style landscapes. They're also attractive to pollinators like bees and hummingbirds but should be handled with caution due to their toxicity.,
Bougainvillea,"Bougainvillea is a tropical vine or shrub with papery, brightly colored bracts surrounding small, inconspicuous flowers. It comes in various shades of pink, purple, red, orange, white, and yellow.","Bougainvillea is prized for its vibrant blooms and is commonly grown as a climbing plant on walls, fences, and trellises in tropical and subtropical regions. It's also used as a potted plant for patio and landscape decoration.",
Zinnia," Zinnias are annual flowering plants with colorful, daisy-like flowers in shades of pink, red, orange, yellow, white, and purple. They have long, sturdy stems and lance-shaped leaves."," Zinnias are popular garden flowers and are often grown in borders, cutting gardens, and containers for their long-lasting blooms and easy care. They're also used in floral arrangements, butterfly gardens, and as bedding plants.",
Tagetes,"Marigolds are annual or perennial plants with aromatic foliage and clusters of flowers in shades of yellow, orange, and red. They have daisy-like blooms with dense, bushy growth habits.","Marigolds are versatile garden flowers and are often grown in borders, vegetable gardens, and containers for their pest-repellent properties and bright blooms. They're also used in floral arrangements, edible garnishes, and as companion plants.",
Ipomoea,"Morning Glories are fast-growing vines with trumpet-shaped flowers in shades of blue, purple, pink, red, and white. They have heart-shaped leaves and twining stems.","Morning Glories are popular climbing plants for fences, trellises, and arbors, providing a burst of color and vertical interest in gardens and landscapes. They're also attractive to pollinators like bees and butterflies.",
Cosmos,"Cosmos are annual or perennial plants with daisy-like flowers in shades of pink, white, and purple. They have feathery, fern-like foliage and tall, slender stems.","Cosmos are popular garden flowers and are often grown in borders, wildflower meadows, and cottage gardens for their airy blooms and graceful appearance. They're also used in cut flower arrangements and as attractants for pollinators.",
Hibiscus,"Hibiscus are deciduous or evergreen shrubs with large, showy flowers in shades of red, pink, yellow, orange, white, and purple. They have lobed leaves and grow in tropical and subtropical regions.","Hibiscus flowers are prized for their exotic blooms and are commonly grown in gardens, landscapes, and as potted plants for their ornamental value. They're also used in herbal teas, culinary dishes, and as natural dyes.",
Iris," Irises are perennial plants with sword-shaped leaves and intricate flowers with three upright petals (standards) and three drooping petals (falls). They come in various colors including blue, purple, white, yellow, pink, and bi-colors.","Irises are popular garden flowers and are often grown in borders, water gardens, and rock gardens for their striking blooms and architectural foliage. They're also used in floral arrangements and as cut flowers.",
Delphinium,"Delphiniums are tall, stately perennial plants with spikes of showy, spurred flowers in shades of blue, purple, pink, white, and bi-colors. They have deeply lobed leaves and grow in cool, temperate climates.","Delphiniums are prized for their towering blooms and are commonly grown in cottage gardens, borders, and as cut flowers for floral arrangements. They're also attractive to pollinators like bees and butterflies.",
Sakura,"Cherry blossoms are delicate, pale pink flowers with five petals that bloom in clusters. They symbolize the transient nature of life and are associated with springtime festivals.","Cherry blossoms are primarily admired for their beauty and cultural significance. They're often celebrated during Hanami (flower-viewing) festivals, where people gather to picnic under the blooming trees.",
Nelumbo,"The lotus is a sacred flower with large, showy blooms that are typically pink or white. It has round, floating leaves and long stems that emerge from the water.","Lotus flowers hold great cultural and religious significance in India, representing purity, enlightenment, and divine beauty. They're often used in religious ceremonies, decorations, and as a motif in art and architecture.",
Dahlia," Dahlias are bold, showy flowers with intricate blooms in a wide range of colors including red, orange, yellow, pink, purple, and white. They have layers of petals and grow from tubers.",Dahlias are the national flower of Mexico and are commonly used in Day of the Dead (Día de los Muertos) celebrations as offerings on altars. They're also popular garden flowers and cut flowers for bouquets and arrangements.,
Golden Wattle,"The Golden Wattle is a native Australian plant with clusters of fluffy, golden-yellow flowers and feathery leaves. It's the national floral emblem of Australia.","Golden Wattle flowers are used as a symbol of national pride and are celebrated during National Wattle Day. They're also used in floral arrangements, decorations, and as a source of nectar for pollinators.",
Aloe barbadensis,"A succulent plant species of the genus Aloe. It's known for its thick, fleshy leaves with a gel-like substance.","The gel from the leaves is used for soothing minor burns, moisturizing skin, and healing small wounds.",
Lavandula angustifolia,A small aromatic evergreen shrub with violet-blue spires and gray-green foliage. Known for its distinct fragrance.,Lavender is commonly used in aromatherapy for its calming and relaxing properties. It's also used in culinary dishes and teas.,"Lavender oil is used for its calming and relaxing properties, aiding in sleep and reducing anxiety. It's also applied to the skin for its antiseptic and anti-inflammatory properties."
Matricaria chamomilla,"An annual plant with daisy-like flowers, known for its apple-like fragrance. The flowers are used to make chamomile tea.","Spearmint is used in cooking, teas, and for its digestive benefits. It's also used in toothpaste and chewing gum for its flavor.","Chamomile is commonly used for its soothing effects, helping with sleep and digestion. It's also used topically for its anti-inflammatory and antimicrobial properties."
Echinacea purpurea,"A group of herbaceous plants with large daisy-like flowers, ranging in color from pink to purple. Native to North America.","Echinacea is widely used to prevent or treat the common cold. It's believed to boost the immune system, though scientific evidence is mixed.",
Ginkgo biloba,"One of the oldest living tree species, Ginkgo biloba has distinctive fan-shaped leaves and is considered a living fossil.","Ginkgo is used to improve cognitive function, treat dementia, and improve blood flow, though studies on its effectiveness have shown mixed results.",
Curcuma longa,"A flowering plant of the ginger family, its roots are widely used as a spice and in traditional medicine. It's known for its bright yellow color.","Turmeric contains curcumin, a compound with anti-inflammatory and antioxidant properties. It's used to treat a variety of conditions, including pain, inflammation, and digestive disorders.",
Panax ginseng,"A perennial plant with fleshy roots, native to East Asia. Known for its medicinal properties, particularly the root.","Ginseng is traditionally used to improve overall health and stamina, as well as to enhance cognitive function and treat erectile dysfunction.",
Mentha × piperita,"A hybrid mint, a cross between watermint and spearmint. It's known for its high menthol content.","Peppermint oil is used to treat a variety of conditions, including headaches, muscle pain, and digestive issues like irritable bowel syndrome (IBS).",
Hypericum perforatum,"A perennial plant with yellow flowers, known for its medicinal properties. It grows wild in many parts of the world.","Widely used for treating mild to moderate depression, anxiety, and sleep disorders. It's thought to work by increasing levels of serotonin in the brain.",
Zingiber officinale,"A flowering plant whose rhizome, or root, is widely used as a spice and in traditional medicine. It has a long history of use in various forms of traditional and alternative medicine.","Ginger is used to help digestion, reduce nausea, and help fight the flu and common cold. It's also known for its anti-inflammatory and antioxidant effects.",
Valeriana officinalis,A perennial flowering plant with sweetly scented pink or white flowers. The roots are used medicinally.,"Valerian root is commonly used as a natural remedy for symptoms of anxiety, depression, and poor sleep. It acts as a sedative on the brain and nervous system.",
Melaleuca alternifolia,"A small tree or shrub with needle-like leaves, native to Australia. Tea tree oil, derived from the leaves, is well known for its topical medicinal uses.","Tea tree oil is used topically for treating infections such as acne, fungal infections of the nail, lice, and athlete's foot, among others.",
Allium sativum,"A species in the onion genus, Allium. Its close relatives include the onion, shallot, leek, chive, and Chinese onion."," Garlic is widely used for several conditions linked to the blood system and heart, including atherosclerosis, high cholesterol, heart attack, and hypertension.",
Tanacetum parthenium,"A traditional medicinal herb with daisy-like flowers. It belongs to the daisy family, Asteraceae.","Feverfew is commonly used to prevent migraine headaches and is also used for fever, irregular menstrual periods, arthritis, and other conditions.",
Silybum marianum,A flowering plant of the daisy family. It is native to Mediterranean countries. It has distinctive purple flowers and white veins on its leaves.,"Milk thistle is often used for liver problems such as hepatitis and cirrhosis, as well as gallbladder disorders. The active ingredient, silymarin, is believed to have antioxidant and anti-inflammatory properties.",
Serenoa repens,"A small palm, commonly found in the southeastern United States. The berries are used medicinally.","Saw palmetto is commonly used for symptoms of an enlarged prostate (benign prostatic hypertrophy - BPH). It's also used for other conditions, including chronic pelvic pain and decreased sex drive.",
Crataegus,"A genus of several hundred species of shrubs and trees in the family Rosaceae, native to temperate regions of the Northern Hemisphere in Europe, Asia, and North America.","Hawthorn is primarily used to treat heart disease, helping to manage blood pressure and cholesterol levels. It's also used for digestive and kidney problems.",
Arnica montana," A perennial, herbaceous plant with bright yellow, daisy-like flowers. It belongs to the sunflower family and is native to Europe.","Arnica is commonly used in homeopathic preparations for bruises, sprains, and muscle soreness. The topical application is popular for treating pain and swelling associated with bruises, aches, and sprains.",
